{
  "Random Forest": {
    "accuracy": 0.9176662396646093,
    "precision": 0.9642597704489322,
    "recall": 0.9350521273598197,
    "f1": 0.9494313711465561,
    "auc": 0.9640656823846369
  },
  "Gradient Boosting": {
    "accuracy": 0.8923954815418657,
    "precision": 0.9352791878172588,
    "recall": 0.9344885883347421,
    "f1": 0.9348837209302325,
    "auc": 0.9370391795870952
  },
  "SVM (RBF)": {
    "accuracy": 0.7612670315593338,
    "precision": 0.9675805854020008,
    "recall": 0.7358410819949281,
    "f1": 0.8359475032010243,
    "auc": 0.8922063196227581
  },
  "Logistic Regression": {
    "accuracy": 0.6825433795271922,
    "precision": 0.9554166666666667,
    "recall": 0.6460974922513384,
    "f1": 0.7708858631702807,
    "auc": 0.8302724724432633
  },
  "K-Nearest Neighbors": {
    "accuracy": 0.7816466752067078,
    "precision": 0.9724986430251492,
    "recall": 0.7572555649478726,
    "f1": 0.8514851485148515,
    "auc": 0.8906328384295013
  },
  "Decision Tree": {
    "accuracy": 0.8595551414929544,
    "precision": 0.950734394124847,
    "recall": 0.8754578754578755,
    "f1": 0.9115446677424087,
    "auc": 0.8680321417832396
  },
  "Neural Network": {
    "accuracy": 0.8981017817631303,
    "precision": 0.9541672748503868,
    "recall": 0.9209636517328825,
    "f1": 0.937271488995627,
    "auc": 0.9463901805690307
  }
}